,thresholds,models,Accuracy,Precision,Recall,F1 score,Auc_Score
0.9,0.9,LogisticRegression,0.927,0.36363636363636365,0.42105263157894735,0.3902439024390244,0.9406978448907786
0.9,0.9,GradientBoostingClassifier,0.991,1.0,0.6842105263157895,0.8125000000000001,0.9862678981576504
0.8,0.8,XGBClassifier,0.994,1.0,0.6842105263157895,0.8125000000000001,0.9829203929042662
0.7,0.7,KNeighborsClassifier,0.969,0.3225806451612903,0.5263157894736842,0.39999999999999997,0.8031813517079607
0.7,0.7,DecisionTreeClassifier,0.991,0.9285714285714286,0.6842105263157895,0.7878787878787878,0.9425304207594192
0.5,0.5,RandomForestClassifier,0.998,1.0,0.7368421052631579,0.8484848484848484,0.9845086253237552
0.9,0.9,Linear SVM,0.929,0.4090909090909091,0.47368421052631576,0.43902439024390244,0.9311073645115574
0.5,0.5,RBF SVM,0.979,0.2727272727272727,0.631578947368421,0.38095238095238093,0.9145408786590432
